n_vec,ACC_EA,ACC_COCBA,ACC_Alg1,ACC_Alg2,ACC_Alg3,ACC_Alg4
2.5,0.198978,0.198978,0.198978,0.198978,0.198978,0.198978
5,0.158994,0.0962960000000001,0.120998,0.061214,0.064264,0.053246
7.5,0.135084,0.064322,0.108152,0.034926,0.031014,0.027892
10,0.11703,0.045244,0.103308,0.023538,0.016038,0.018008
12.5,0.103624,0.032552,0.100546,0.017108,0.008678,0.012806
15,0.09295,0.023842,0.0986020000000001,0.012882,0.004768,0.009544
17.5,0.0839320000000001,0.01757,0.0970980000000001,0.010086,0.00265,0.007224
20,0.076054,0.013152,0.0957460000000001,0.00814,0.001448,0.005544
