n_vec,FNR_EA,FNR_COCBA,FNR_Alg1,FNR_Alg2,FNR_Alg3,FNR_Alg4
2.5,0.526006666666667,0.526006666666667,0.526006666666667,0.526006666666667,0.526006666666667,0.526006666666667
5,0.420726666666667,0.254346666666667,0.378946666666667,0.146833333333333,0.17502,0.0690733333333334
7.5,0.35642,0.169833333333333,0.34986,0.0854333333333333,0.0845466666666667,0.0163333333333333
10,0.30906,0.119666666666667,0.3387,0.06008,0.0436333333333334,0.00496666666666667
12.5,0.27388,0.0862,0.33168,0.0459133333333333,0.0235666666666667,0.00184666666666667
15,0.246006666666667,0.0631133333333333,0.326513333333333,0.0361333333333333,0.0130066666666667,0.000846666666666667
17.5,0.221733333333333,0.04656,0.3222,0.0293,0.00708666666666667,0.000426666666666667
20,0.201193333333333,0.0348866666666667,0.318186666666667,0.0244,0.00384666666666667,0.00024
